"_id","_labels","d","determined","dimension","integerRange","maxFigPScalar","maxSetProductRange","muList","muListSize","n","one","pArray","predictedDetermined","predictedProbabilities","resultId","setProductRAngeIncrement","setProductRange","skipList","three","totalZero","two","vmResult","wNum","zero","_start","_end","_type"
"0",":Configure","","","3","200","1","3","","","","","[0, 0, 0, 0]","","","","3","3","","","","","","","",,,
"1",":CreatedBy","","","","","","","","","","","[0, 0, 0, 0]","","","600001","","","[false, false, false]","","","","","2","",,,
"2",":CreatedBy","","","","","","","","","","","[0, 2, 0, 0]","","","600014","","","[false, false, false]","","","","","2","",,,
"3",":DUndetermined","0","0","","","","","[]","1","0","1","","0","[0.5112520423657562,0.4887479576342433]","","","","","0","1","0","[0.0, 1.0, -0.0, 0.0, 0.0]","3","0",,,
"4",":CreatedBy","","","","","","","","","","","[0, 2, 0, 0]","","","600014","","","[false, false, false]","","","","","3","",,,
"5",":CreatedBy","","","","","","","","","","","[0, 0, 0, 0]","","","600001","","","[false, false, false]","","","","","0","",,,
"6",":DUndetermined","1","0","","","","","[1]","1","1","1","","0","[0.5112520423657562,0.4887479576342433]","","","","","0","1","0","[0.0, 1.0000000000000002, -3.0, -4.0, 6.0]","3","0",,,
"7",":BadPrediction:DUndetermined","0","0","","","","","[]","1","0","0","","1","[0.4954880851592699,0.5045119148407294]","","","","","0","0","0","[0.0, 3.0, 3.0, 1.0]","2","1",,,
"8",":CreatedBy","","","","","","","","","","","[1, 2, 0, 0]","","","600016","","","[false, false, false]","","","","","0","",,,
"9",":DDetermined","0","1","","","","","[]","1","0","0","","1","[0.46171761074186973,0.5382823892581298]","","","","","0","0","0","[0.0, 6.0]","0","1",,,
"10",":CreatedBy","","","","","","","","","","","[1, 2, 0, 0]","","","600016","","","[false, false, false]","","","","","1","",,,
"11",":CreatedBy","","","","","","","","","","","[0, 0, 0, 0]","","","600001","","","[false, false, false]","","","","","1","",,,
"12",":CreatedBy","","","","","","","","","","","[1, 2, 0, 0]","","","600016","","","[false, false, false]","","","","","2","",,,
"13",":DDetermined","0","1","","","","","[]","1","0","1","","1","[0.47742388130827007,0.5225761186917295]","","","","","0","1","0","[0.0, 6.0, 6.0]","1","0",,,
"14",":CreatedBy","","","","","","","","","","","[1, 2, 0, 0]","","","600016","","","[false, false, false]","","","","","3","",,,
"15",":DDetermined","4","1","","","","","[2, 2]","2","2","0","","1","[0.35596511830311056,0.6440348816968889]","","","","","1","3","0","[0.0, 1.0000000000000004, -3.0, -4.0, 12.0]","3","0",,,
"16",":CreatedBy","","","","","","","","","","","[2, 2, 0, 0]","","","600017","","","[false, false, false]","","","","","0","",,,
"17",":CreatedBy","","","","","","","","","","","[2, 2, 0, 0]","","","600017","","","[false, false, false]","","","","","1","",,,
"18",":CreatedBy","","","","","","","","","","","[2, 2, 0, 0]","","","600017","","","[false, false, false]","","","","","2","",,,
"19",":CreatedBy","","","","","","","","","","","[2, 2, 0, 0]","","","600017","","","[false, false, false]","","","","","3","",,,
"20",":CreatedBy","","","","","","","","","","","[3, 2, 0, 0]","","","600018","","","[false, false, false]","","","","","0","",,,
"21",":CreatedBy","","","","","","","","","","","[3, 2, 0, 0]","","","600018","","","[false, false, false]","","","","","1","",,,
"22",":CreatedBy","","","","","","","","","","","[3, 2, 0, 0]","","","600018","","","[false, false, false]","","","","","2","",,,
"23",":CreatedBy","","","","","","","","","","","[3, 2, 0, 0]","","","600018","","","[false, false, false]","","","","","3","",,,
"24",":CreatedBy","","","","","","","","","","","[0, 0, 0, 0]","","","600001","","","[false, false, false]","","","","","3","",,,
"25",":DUndetermined","0","0","","","","","[]","1","0","1","","0","[0.5112520423657562,0.4887479576342433]","","","","","0","1","0","[0.0, 1.0, -3.0, -16.0, -0.0]","3","0",,,
"26",":CreatedBy","","","","","","","","","","","[0, 3, 0, 0]","","","600015","","","[false, false, false]","","","","","0","",,,
"27",":DDetermined","3","1","","","","","[3]","1","3","0","","1","[0.38077095208449435,0.6192290479155051]","","","","","0","2","1","[0.0, 3.0, -3.0, -18.0]","2","0",,,
"28",":CreatedBy","","","","","","","","","","","[0, 3, 0, 0]","","","600015","","","[false, false, false]","","","","","1","",,,
"29",":CreatedBy","","","","","","","","","","","[0, 3, 0, 0]","","","600015","","","[false, false, false]","","","","","2","",,,
"30",":CreatedBy","","","","","","","","","","","[0, 3, 0, 0]","","","600015","","","[false, false, false]","","","","","3","",,,
"31",":CreatedBy","","","","","","","","","","","[0, 3, 0, 0]","","","600019","","","[false, false, false]","","","","","0","",,,
"32",":CreatedBy","","","","","","","","","","","[0, 3, 0, 0]","","","600019","","","[false, false, false]","","","","","1","",,,
"33",":CreatedBy","","","","","","","","","","","[0, 3, 0, 0]","","","600019","","","[false, false, false]","","","","","2","",,,
"34",":CreatedBy","","","","","","","","","","","[0, 3, 0, 0]","","","600019","","","[false, false, false]","","","","","3","",,,
"35",":DUndetermined","1","0","","","","","[1]","1","1","1","","0","[0.5112520423657562,0.4887479576342433]","","","","","0","1","0","[0.0, 1.0000000000000009, -3.0, -16.0, 18.0]","3","0",,,
"36",":CreatedBy","","","","","","","","","","","[1, 3, 0, 0]","","","600021","","","[false, false, false]","","","","","0","",,,
"37",":CreatedBy","","","","","","","","","","","[1, 3, 0, 0]","","","600021","","","[false, false, false]","","","","","1","",,,
"38",":CreatedBy","","","","","","","","","","","[1, 3, 0, 0]","","","600021","","","[false, false, false]","","","","","2","",,,
"39",":CreatedBy","","","","","","","","","","","[1, 3, 0, 0]","","","600021","","","[false, false, false]","","","","","3","",,,
"40",":DUndetermined","2","0","","","","","[2]","1","2","1","","0","[0.5112520423657562,0.4887479576342433]","","","","","0","1","0","[0.0, 1.0000000000000018, -3.0, -16.0, 36.0]","3","0",,,
"41",":CreatedBy","","","","","","","","","","","[2, 3, 0, 0]","","","600022","","","[false, false, false]","","","","","0","",,,
"42",":CreatedBy","","","","","","","","","","","[2, 3, 0, 0]","","","600022","","","[false, false, false]","","","","","1","",,,
"43",":CreatedBy","","","","","","","","","","","[2, 3, 0, 0]","","","600022","","","[false, false, false]","","","","","2","",,,
"44",":CreatedBy","","","","","","","","","","","[2, 3, 0, 0]","","","600022","","","[false, false, false]","","","","","3","",,,
"45",":DDetermined","6","1","","","","","[3, 3]","2","3","0","","1","[0.35596511830311056,0.6440348816968889]","","","","","1","3","0","[0.0, 1.0000000000000018, -3.0, -16.0, 48.0]","3","0",,,
"46",":CreatedBy","","","","","","","","","","","[3, 3, 0, 0]","","","600023","","","[false, false, false]","","","","","0","",,,
"47",":CreatedBy","","","","","","","","","","","[3, 3, 0, 0]","","","600023","","","[false, false, false]","","","","","1","",,,
"48",":CreatedBy","","","","","","","","","","","[3, 3, 0, 0]","","","600023","","","[false, false, false]","","","","","2","",,,
"49",":DDetermined","2","1","","","","","[1, 1]","2","1","0","","1","[0.35596511830311056,0.6440348816968889]","","","","","1","3","0","[0.0, 1.0, -3.0, 2.0, -0.0]","3","0",,,
"50",":CreatedBy","","","","","","","","","","","[3, 3, 0, 0]","","","600023","","","[false, false, false]","","","","","3","",,,
"51",":CreatedBy","","","","","","","","","","","[0, 0, 0, 0]","","","600002","","","[false, false, false]","","","","","0","",,,
"52",":CreatedBy","","","","","","","","","","","[0, 0, 0, 0]","","","600004","","","[false, false, false]","","","","","0","",,,
"53",":CreatedBy","","","","","","","","","","","[0, 0, 0, 0]","","","600004","","","[false, false, false]","","","","","1","",,,
"54",":CreatedBy","","","","","","","","","","","[0, 0, 0, 0]","","","600004","","","[false, false, false]","","","","","2","",,,
"55",":CreatedBy","","","","","","","","","","","[0, 0, 0, 0]","","","600004","","","[false, false, false]","","","","","3","",,,
"56",":DDetermined","5","1","","","","","[1, 4]","2","4","0","","1","[0.35596511830311056,0.6440348816968889]","","","","","1","3","0","[0.0, 1.0, -6.0, 5.0, -0.0]","3","0",,,
"57",":CreatedBy","","","","","","","","","","","[0, 0, 1, 0]","","","600024","","","[false, false, false]","","","","","0","",,,
"58",":DDetermined","3","1","","","","","[3]","1","3","0","","1","[0.38077095208449435,0.6192290479155051]","","","","","0","2","1","[0.0, 3.0, -9.0, 0.0]","2","0",,,
"59",":DDetermined","1","1","","","","","[1]","1","1","0","","1","[0.38077095208449435,0.6192290479155051]","","","","","0","2","1","[0.0, 3.0, -3.0, 0.0]","2","0",,,
"60",":CreatedBy","","","","","","","","","","","[0, 0, 1, 0]","","","600024","","","[false, false, false]","","","","","1","",,,
"61",":DDetermined","1","1","","","","","[1]","1","1","1","","1","[0.47742388130827007,0.5225761186917295]","","","","","0","1","0","[0.0, 6.0, -6.0]","1","0",,,
"62",":CreatedBy","","","","","","","","","","","[0, 0, 1, 0]","","","600024","","","[false, false, false]","","","","","2","",,,
"63",":CreatedBy","","","","","","","","","","","[0, 0, 1, 0]","","","600024","","","[false, false, false]","","","","","3","",,,
"64",":CreatedBy","","","","","","","","","","","[0, 0, 0, 0]","","","600002","","","[false, false, false]","","","","","1","",,,
"65",":CreatedBy","","","","","","","","","","","[1, 0, 1, 0]","","","600026","","","[false, false, false]","","","","","0","",,,
"66",":CreatedBy","","","","","","","","","","","[1, 0, 1, 0]","","","600026","","","[false, false, false]","","","","","1","",,,
"67",":CreatedBy","","","","","","","","","","","[1, 0, 1, 0]","","","600026","","","[false, false, false]","","","","","2","",,,
"68",":CreatedBy","","","","","","","","","","","[1, 0, 1, 0]","","","600026","","","[false, false, false]","","","","","3","",,,
"69",":DUndetermined","2","0","","","","","[2]","1","2","1","","0","[0.5112520423657562,0.4887479576342433]","","","","","0","1","0","[0.0, 1.0000000000000002, -6.0, 5.0, 6.0]","3","0",,,
"70",":CreatedBy","","","","","","","","","","","[2, 0, 1, 0]","","","600027","","","[false, false, false]","","","","","0","",,,
"71",":CreatedBy","","","","","","","","","","","[2, 0, 1, 0]","","","600027","","","[false, false, false]","","","","","1","",,,
"72",":CreatedBy","","","","","","","","","","","[2, 0, 1, 0]","","","600027","","","[false, false, false]","","","","","2","",,,
"73",":DDetermined","0","1","","","","","[]","1","0","1","","1","[0.47742388130827007,0.5225761186917295]","","","","","0","1","0","[0.0, 6.0, -0.0]","1","0",,,
"74",":CreatedBy","","","","","","","","","","","[2, 0, 1, 0]","","","600027","","","[false, false, false]","","","","","3","",,,
"75",":CreatedBy","","","","","","","","","","","[0, 0, 0, 0]","","","600002","","","[false, false, false]","","","","","2","",,,
"76",":DDetermined","6","1","","","","","[3, 3]","2","3","0","","1","[0.35596511830311056,0.6440348816968889]","","","","","1","3","0","[0.0, 1.0000000000000004, -6.0, 5.0, 12.0]","3","0",,,
"77",":CreatedBy","","","","","","","","","","","[3, 0, 1, 0]","","","600028","","","[false, false, false]","","","","","0","",,,
"78",":CreatedBy","","","","","","","","","","","[3, 0, 1, 0]","","","600028","","","[false, false, false]","","","","","1","",,,
"79",":CreatedBy","","","","","","","","","","","[3, 0, 1, 0]","","","600028","","","[false, false, false]","","","","","2","",,,
"80",":CreatedBy","","","","","","","","","","","[3, 0, 1, 0]","","","600028","","","[false, false, false]","","","","","3","",,,
"81",":DUndetermined","0","0","","","","","[]","1","0","1","","0","[0.5112520423657562,0.4887479576342433]","","","","","0","1","0","[0.0, 1.0, -6.0, 11.0, -0.0]","3","0",,,
"82",":CreatedBy","","","","","","","","","","","[0, 1, 1, 0]","","","600020","","","[false, false, false]","","","","","0","",,,
"83",":CreatedBy","","","","","","","","","","","[0, 0, 0, 0]","","","600002","","","[false, false, false]","","","","","3","",,,
"84",":DDetermined","2","1","","","","","[1, 1]","2","1","0","","1","[0.38077095208449435,0.6192290479155051]","","","","","0","2","1","[0.0, 3.0, -9.0, 6.0]","2","0",,,
"85",":CreatedBy","","","","","","","","","","","[0, 1, 1, 0]","","","600020","","","[false, false, false]","","","","","1","",,,
"86",":CreatedBy","","","","","","","","","","","[0, 1, 1, 0]","","","600020","","","[false, false, false]","","","","","2","",,,
"87",":CreatedBy","","","","","","","","","","","[0, 1, 1, 0]","","","600020","","","[false, false, false]","","","","","3","",,,
"88",":CreatedBy","","","","","","","","","","","[1, 0, 0, 0]","","","600006","","","[false, false, false]","","","","","0","",,,
"89",":CreatedBy","","","","","","","","","","","[0, 1, 1, 0]","","","600029","","","[false, false, false]","","","","","0","",,,
"90",":CreatedBy","","","","","","","","","","","[0, 1, 1, 0]","","","600029","","","[false, false, false]","","","","","1","",,,
"91",":CreatedBy","","","","","","","","","","","[0, 1, 1, 0]","","","600029","","","[false, false, false]","","","","","2","",,,
"92",":CreatedBy","","","","","","","","","","","[0, 1, 1, 0]","","","600029","","","[false, false, false]","","","","","3","",,,
"93",":CreatedBy","","","","","","","","","","","[1, 0, 0, 0]","","","600006","","","[false, false, false]","","","","","1","",,,
"94",":DDetermined","3","1","","","","","[1, 1, 1]","3","1","0","","1","[0.35596511830311056,0.6440348816968889]","","","","","1","3","0","[0.0, 0.9999999999999998, -6.0, 11.0, -6.0]","3","0",,,
"95",":CreatedBy","","","","","","","","","","","[1, 1, 1, 0]","","","600031","","","[false, false, false]","","","","","0","",,,
"96",":CreatedBy","","","","","","","","","","","[1, 1, 1, 0]","","","600031","","","[false, false, false]","","","","","1","",,,
"97",":CreatedBy","","","","","","","","","","","[1, 1, 1, 0]","","","600031","","","[false, false, false]","","","","","2","",,,
"98",":CreatedBy","","","","","","","","","","","[1, 1, 1, 0]","","","600031","","","[false, false, false]","","","","","3","",,,
"99",":CreatedBy","","","","","","","","","","","[2, 1, 1, 0]","","","600032","","","[false, false, false]","","","","","0","",,,
"100",":CreatedBy","","","","","","","","","","","[2, 1, 1, 0]","","","600032","","","[false, false, false]","","","","","1","",,,
"101",":CreatedBy","","","","","","","","","","","[2, 1, 1, 0]","","","600032","","","[false, false, false]","","","","","2","",,,
"102",":CreatedBy","","","","","","","","","","","[1, 0, 0, 0]","","","600006","","","[false, false, false]","","","","","2","",,,
"103",":CreatedBy","","","","","","","","","","","[2, 1, 1, 0]","","","600032","","","[false, false, false]","","","","","3","",,,
"104",":CreatedBy","","","","","","","","","","","[1, 0, 0, 0]","","","600006","","","[false, false, false]","","","","","3","",,,
"105",":CreatedBy","","","","","","","","","","","[3, 1, 1, 0]","","","600033","","","[false, false, false]","","","","","0","",,,
"106",":CreatedBy","","","","","","","","","","","[2, 0, 0, 0]","","","600007","","","[false, false, false]","","","","","0","",,,
"107",":CreatedBy","","","","","","","","","","","[3, 1, 1, 0]","","","600033","","","[false, false, false]","","","","","1","",,,
"108",":CreatedBy","","","","","","","","","","","[3, 1, 1, 0]","","","600033","","","[false, false, false]","","","","","2","",,,
"109",":CreatedBy","","","","","","","","","","","[3, 1, 1, 0]","","","600033","","","[false, false, false]","","","","","3","",,,
"110",":CreatedBy","","","","","","","","","","","[0, 2, 1, 0]","","","600030","","","[false, false, false]","","","","","0","",,,
"111",":CreatedBy","","","","","","","","","","","[0, 2, 1, 0]","","","600030","","","[false, false, false]","","","","","1","",,,
"112",":CreatedBy","","","","","","","","","","","[0, 2, 1, 0]","","","600030","","","[false, false, false]","","","","","2","",,,
"113",":CreatedBy","","","","","","","","","","","[2, 0, 0, 0]","","","600007","","","[false, false, false]","","","","","1","",,,
"114",":CreatedBy","","","","","","","","","","","[0, 2, 1, 0]","","","600030","","","[false, false, false]","","","","","3","",,,
"115",":CreatedBy","","","","","","","","","","","[0, 2, 1, 0]","","","600034","","","[false, false, false]","","","","","0","",,,
"116",":CreatedBy","","","","","","","","","","","[0, 2, 1, 0]","","","600034","","","[false, false, false]","","","","","1","",,,
"117",":CreatedBy","","","","","","","","","","","[0, 2, 1, 0]","","","600034","","","[false, false, false]","","","","","2","",,,
"118",":CreatedBy","","","","","","","","","","","[2, 0, 0, 0]","","","600007","","","[false, false, false]","","","","","2","",,,
"119",":CreatedBy","","","","","","","","","","","[0, 2, 1, 0]","","","600034","","","[false, false, false]","","","","","3","",,,
"120",":CreatedBy","","","","","","","","","","","[1, 2, 1, 0]","","","600036","","","[false, false, false]","","","","","0","",,,
"121",":CreatedBy","","","","","","","","","","","[1, 2, 1, 0]","","","600036","","","[false, false, false]","","","","","1","",,,
"122",":CreatedBy","","","","","","","","","","","[1, 2, 1, 0]","","","600036","","","[false, false, false]","","","","","2","",,,
"123",":CreatedBy","","","","","","","","","","","[2, 0, 0, 0]","","","600007","","","[false, false, false]","","","","","3","",,,
"124",":CreatedBy","","","","","","","","","","","[1, 2, 1, 0]","","","600036","","","[false, false, false]","","","","","3","",,,
"125",":DUndetermined","3","0","","","","","[3]","1","3","1","","0","[0.5112520423657562,0.4887479576342433]","","","","","0","1","0","[0.0, 0.9999999999999998, -3.0, 2.0, -6.0]","3","0",,,
"126",":CreatedBy","","","","","","","","","","","[2, 2, 1, 0]","","","600037","","","[false, false, false]","","","","","0","",,,
"127",":CreatedBy","","","","","","","","","","","[2, 2, 1, 0]","","","600037","","","[false, false, false]","","","","","1","",,,
"128",":CreatedBy","","","","","","","","","","","[2, 2, 1, 0]","","","600037","","","[false, false, false]","","","","","2","",,,
"129",":CreatedBy","","","","","","","","","","","[2, 2, 1, 0]","","","600037","","","[false, false, false]","","","","","3","",,,
"130",":CreatedBy","","","","","","","","","","","[3, 2, 1, 0]","","","600038","","","[false, false, false]","","","","","0","",,,
"131",":CreatedBy","","","","","","","","","","","[3, 2, 1, 0]","","","600038","","","[false, false, false]","","","","","1","",,,
"132",":CreatedBy","","","","","","","","","","","[3, 2, 1, 0]","","","600038","","","[false, false, false]","","","","","2","",,,
"133",":CreatedBy","","","","","","","","","","","[3, 0, 0, 0]","","","600008","","","[false, false, false]","","","","","0","",,,
"134",":CreatedBy","","","","","","","","","","","[3, 2, 1, 0]","","","600038","","","[false, false, false]","","","","","3","",,,
"135",":CreatedBy","","","","","","","","","","","[0, 3, 1, 0]","","","600035","","","[false, false, false]","","","","","0","",,,
"136",":CreatedBy","","","","","","","","","","","[0, 3, 1, 0]","","","600035","","","[false, false, false]","","","","","1","",,,
"137",":CreatedBy","","","","","","","","","","","[0, 3, 1, 0]","","","600035","","","[false, false, false]","","","","","2","",,,
"138",":CreatedBy","","","","","","","","","","","[0, 3, 1, 0]","","","600035","","","[false, false, false]","","","","","3","",,,
"139",":CreatedBy","","","","","","","","","","","[0, 3, 1, 0]","","","600039","","","[false, false, false]","","","","","0","",,,
"140",":CreatedBy","","","","","","","","","","","[0, 3, 1, 0]","","","600039","","","[false, false, false]","","","","","1","",,,
"141",":CreatedBy","","","","","","","","","","","[0, 3, 1, 0]","","","600039","","","[false, false, false]","","","","","2","",,,
"142",":CreatedBy","","","","","","","","","","","[0, 3, 1, 0]","","","600039","","","[false, false, false]","","","","","3","",,,
"143",":CreatedBy","","","","","","","","","","","[1, 3, 1, 0]","","","600041","","","[false, false, false]","","","","","0","",,,
"144",":CreatedBy","","","","","","","","","","","[1, 3, 1, 0]","","","600041","","","[false, false, false]","","","","","1","",,,
"145",":CreatedBy","","","","","","","","","","","[1, 3, 1, 0]","","","600041","","","[false, false, false]","","","","","2","",,,
"146",":CreatedBy","","","","","","","","","","","[1, 3, 1, 0]","","","600041","","","[false, false, false]","","","","","3","",,,
"147",":CreatedBy","","","","","","","","","","","[2, 3, 1, 0]","","","600042","","","[false, false, false]","","","","","0","",,,
"148",":CreatedBy","","","","","","","","","","","[2, 3, 1, 0]","","","600042","","","[false, false, false]","","","","","1","",,,
"149",":CreatedBy","","","","","","","","","","","[2, 3, 1, 0]","","","600042","","","[false, false, false]","","","","","2","",,,
"150",":CreatedBy","","","","","","","","","","","[2, 3, 1, 0]","","","600042","","","[false, false, false]","","","","","3","",,,
"151",":CreatedBy","","","","","","","","","","","[3, 3, 1, 0]","","","600043","","","[false, false, false]","","","","","0","",,,
"152",":CreatedBy","","","","","","","","","","","[3, 3, 1, 0]","","","600043","","","[false, false, false]","","","","","1","",,,
"153",":CreatedBy","","","","","","","","","","","[3, 3, 1, 0]","","","600043","","","[false, false, false]","","","","","2","",,,
"154",":CreatedBy","","","","","","","","","","","[3, 3, 1, 0]","","","600043","","","[false, false, false]","","","","","3","",,,
"155",":CreatedBy","","","","","","","","","","","[0, 0, 1, 0]","","","600025","","","[false, false, false]","","","","","0","",,,
"156",":CreatedBy","","","","","","","","","","","[0, 0, 1, 0]","","","600025","","","[false, false, false]","","","","","1","",,,
"157",":CreatedBy","","","","","","","","","","","[0, 0, 1, 0]","","","600025","","","[false, false, false]","","","","","2","",,,
"158",":CreatedBy","","","","","","","","","","","[0, 0, 1, 0]","","","600025","","","[false, false, false]","","","","","3","",,,
"159",":DDetermined","8","1","","","","","[1, 7]","2","7","0","","1","[0.35596511830311056,0.6440348816968889]","","","","","1","3","0","[0.0, 1.0, -9.0, 8.0, -0.0]","3","0",,,
"160",":CreatedBy","","","","","","","","","","","[0, 0, 2, 0]","","","600044","","","[false, false, false]","","","","","0","",,,
"161",":DDetermined","5","1","","","","","[5]","1","5","0","","1","[0.38077095208449435,0.6192290479155051]","","","","","0","2","1","[0.0, 3.0, -15.0, 0.0]","2","0",,,
"162",":CreatedBy","","","","","","","","","","","[0, 0, 2, 0]","","","600044","","","[false, false, false]","","","","","1","",,,
"163",":DDetermined","2","1","","","","","[2]","1","2","1","","1","[0.47742388130827007,0.5225761186917295]","","","","","0","1","0","[0.0, 6.0, -12.0]","1","0",,,
"164",":CreatedBy","","","","","","","","","","","[0, 0, 2, 0]","","","600044","","","[false, false, false]","","","","","2","",,,
"165",":CreatedBy","","","","","","","","","","","[0, 0, 2, 0]","","","600044","","","[false, false, false]","","","","","3","",,,
"166",":CreatedBy","","","","","","","","","","","[1, 0, 2, 0]","","","600046","","","[false, false, false]","","","","","0","",,,
"167",":CreatedBy","","","","","","","","","","","[1, 0, 2, 0]","","","600046","","","[false, false, false]","","","","","1","",,,
"168",":CreatedBy","","","","","","","","","","","[1, 0, 2, 0]","","","600046","","","[false, false, false]","","","","","2","",,,
"169",":CreatedBy","","","","","","","","","","","[1, 0, 2, 0]","","","600046","","","[false, false, false]","","","","","3","",,,
"170",":DUndetermined","2","0","","","","","[2]","1","2","1","","0","[0.5112520423657562,0.4887479576342433]","","","","","0","1","0","[0.0, 1.0000000000000004, -9.0, 8.0, 12.0]","3","0",,,
"171",":CreatedBy","","","","","","","","","","","[2, 0, 2, 0]","","","600047","","","[false, false, false]","","","","","0","",,,
"172",":CreatedBy","","","","","","","","","","","[2, 0, 2, 0]","","","600047","","","[false, false, false]","","","","","1","",,,
"173",":CreatedBy","","","","","","","","","","","[2, 0, 2, 0]","","","600047","","","[false, false, false]","","","","","2","",,,
"174",":CreatedBy","","","","","","","","","","","[2, 0, 2, 0]","","","600047","","","[false, false, false]","","","","","3","",,,
"175",":DUndetermined","3","0","","","","","[3]","1","3","1","","0","[0.5112520423657562,0.4887479576342433]","","","","","0","1","0","[0.0, 1.0000000000000009, -9.0, 8.0, 30.0]","3","0",,,
"176",":CreatedBy","","","","","","","","","","","[3, 0, 2, 0]","","","600048","","","[false, false, false]","","","","","0","",,,
"177",":CreatedBy","","","","","","","","","","","[3, 0, 2, 0]","","","600048","","","[false, false, false]","","","","","1","",,,
"178",":CreatedBy","","","","","","","","","","","[3, 0, 2, 0]","","","600048","","","[false, false, false]","","","","","2","",,,
"179",":CreatedBy","","","","","","","","","","","[3, 0, 2, 0]","","","600048","","","[false, false, false]","","","","","3","",,,
"180",":DDetermined","8","1","","","","","[4, 4]","2","4","0","","1","[0.35596511830311056,0.6440348816968889]","","","","","1","3","0","[0.0, 1.0, -9.0, 20.0, -0.0]","3","0",,,
"181",":CreatedBy","","","","","","","","","","","[0, 1, 2, 0]","","","600040","","","[false, false, false]","","","","","0","",,,
"182",":DDetermined","4","1","","","","","[1, 3]","2","3","0","","1","[0.38077095208449435,0.6192290479155051]","","","","","0","2","1","[0.0, 3.0, -15.0, 12.0]","2","0",,,
"183",":CreatedBy","","","","","","","","","","","[0, 1, 2, 0]","","","600040","","","[false, false, false]","","","","","1","",,,
"184",":CreatedBy","","","","","","","","","","","[0, 1, 2, 0]","","","600040","","","[false, false, false]","","","","","2","",,,
"185",":CreatedBy","","","","","","","","","","","[0, 1, 2, 0]","","","600040","","","[false, false, false]","","","","","3","",,,
"186",":CreatedBy","","","","","","","","","","","[0, 1, 2, 0]","","","600049","","","[false, false, false]","","","","","0","",,,
"187",":CreatedBy","","","","","","","","","","","[0, 1, 2, 0]","","","600049","","","[false, false, false]","","","","","1","",,,
"188",":CreatedBy","","","","","","","","","","","[0, 1, 2, 0]","","","600049","","","[false, false, false]","","","","","2","",,,
"189",":CreatedBy","","","","","","","","","","","[0, 1, 2, 0]","","","600049","","","[false, false, false]","","","","","3","",,,
"190",":CreatedBy","","","","","","","","","","","[3, 0, 0, 0]","","","600008","","","[false, false, false]","","","","","1","",,,
"191",":DDetermined","6","1","","","","","[1, 1, 4]","3","4","0","","1","[0.35596511830311056,0.6440348816968889]","","","","","1","3","0","[0.0, 0.9999999999999996, -9.0, 20.0, -12.0]","3","0",,,
"192",":CreatedBy","","","","","","","","","","","[3, 0, 0, 0]","","","600008","","","[false, false, false]","","","","","2","",,,
"193",":CreatedBy","","","","","","","","","","","[1, 1, 2, 0]","","","600051","","","[false, false, false]","","","","","0","",,,
"194",":CreatedBy","","","","","","","","","","","[3, 0, 0, 0]","","","600008","","","[false, false, false]","","","","","3","",,,
"195",":CreatedBy","","","","","","","","","","","[1, 1, 2, 0]","","","600051","","","[false, false, false]","","","","","1","",,,
"196",":CreatedBy","","","","","","","","","","","[1, 1, 2, 0]","","","600051","","","[false, false, false]","","","","","2","",,,
"197",":CreatedBy","","","","","","","","","","","[1, 1, 2, 0]","","","600051","","","[false, false, false]","","","","","3","",,,
"198",":CreatedBy","","","","","","","","","","","[2, 1, 2, 0]","","","600052","","","[false, false, false]","","","","","0","",,,
"199",":CreatedBy","","","","","","","","","","","[2, 1, 2, 0]","","","600052","","","[false, false, false]","","","","","1","",,,
"200",":CreatedBy","","","","","","","","","","","[2, 1, 2, 0]","","","600052","","","[false, false, false]","","","","","2","",,,
"201",":CreatedBy","","","","","","","","","","","[0, 1, 0, 0]","","","600003","","","[false, false, false]","","","","","0","",,,
"202",":CreatedBy","","","","","","","","","","","[2, 1, 2, 0]","","","600052","","","[false, false, false]","","","","","3","",,,
"203",":DUndetermined","3","0","","","","","[3]","1","3","1","","0","[0.5112520423657562,0.4887479576342433]","","","","","0","1","0","[0.0, 0.9999999999999998, -9.0, 20.0, -6.0]","3","0",,,
"204",":CreatedBy","","","","","","","","","","","[3, 1, 2, 0]","","","600053","","","[false, false, false]","","","","","0","",,,
"205",":CreatedBy","","","","","","","","","","","[3, 1, 2, 0]","","","600053","","","[false, false, false]","","","","","1","",,,
"206",":CreatedBy","","","","","","","","","","","[0, 1, 0, 0]","","","600003","","","[false, false, false]","","","","","1","",,,
"207",":CreatedBy","","","","","","","","","","","[3, 1, 2, 0]","","","600053","","","[false, false, false]","","","","","2","",,,
"208",":CreatedBy","","","","","","","","","","","[3, 1, 2, 0]","","","600053","","","[false, false, false]","","","","","3","",,,
"209",":DUndetermined","0","0","","","","","[]","1","0","1","","0","[0.5112520423657562,0.4887479576342433]","","","","","0","1","0","[0.0, 1.0, -9.0, 26.0, -0.0]","3","0",,,
"210",":CreatedBy","","","","","","","","","","","[0, 2, 2, 0]","","","600050","","","[false, false, false]","","","","","0","",,,
"211",":CreatedBy","","","","","","","","","","","[0, 1, 0, 0]","","","600003","","","[false, false, false]","","","","","2","",,,
"212",":DDetermined","4","1","","","","","[2, 2]","2","2","0","","1","[0.38077095208449435,0.6192290479155051]","","","","","0","2","1","[0.0, 3.0, -15.0, 18.0]","2","0",,,
"213",":CreatedBy","","","","","","","","","","","[0, 1, 0, 0]","","","600003","","","[false, false, false]","","","","","3","",,,
"214",":CreatedBy","","","","","","","","","","","[0, 2, 2, 0]","","","600050","","","[false, false, false]","","","","","1","",,,
"215",":CreatedBy","","","","","","","","","","","[0, 2, 2, 0]","","","600050","","","[false, false, false]","","","","","2","",,,
"216",":CreatedBy","","","","","","","","","","","[0, 2, 2, 0]","","","600050","","","[false, false, false]","","","","","3","",,,
"217",":CreatedBy","","","","","","","","","","","[0, 2, 2, 0]","","","600054","","","[false, false, false]","","","","","0","",,,
"218",":CreatedBy","","","","","","","","","","","[0, 2, 2, 0]","","","600054","","","[false, false, false]","","","","","1","",,,
"219",":CreatedBy","","","","","","","","","","","[0, 2, 2, 0]","","","600054","","","[false, false, false]","","","","","2","",,,
"220",":CreatedBy","","","","","","","","","","","[0, 2, 2, 0]","","","600054","","","[false, false, false]","","","","","3","",,,
"221",":CreatedBy","","","","","","","","","","","[0, 1, 0, 0]","","","600009","","","[false, false, false]","","","","","0","",,,
"222",":DUndetermined","1","0","","","","","[1]","1","1","1","","0","[0.5112520423657562,0.4887479576342433]","","","","","0","1","0","[0.0, 0.9999999999999991, -9.0, 26.0, -18.0]","3","0",,,
"223",":CreatedBy","","","","","","","","","","","[1, 2, 2, 0]","","","600056","","","[false, false, false]","","","","","0","",,,
"224",":CreatedBy","","","","","","","","","","","[1, 2, 2, 0]","","","600056","","","[false, false, false]","","","","","1","",,,
"225",":CreatedBy","","","","","","","","","","","[1, 2, 2, 0]","","","600056","","","[false, false, false]","","","","","2","",,,
"226",":CreatedBy","","","","","","","","","","","[1, 2, 2, 0]","","","600056","","","[false, false, false]","","","","","3","",,,
"227",":DDetermined","6","1","","","","","[2, 2, 2]","3","2","0","","1","[0.35596511830311056,0.6440348816968889]","","","","","1","3","0","[0.0, 0.9999999999999991, -9.0, 26.0, -24.0]","3","0",,,
"228",":CreatedBy","","","","","","","","","","","[2, 2, 2, 0]","","","600057","","","[false, false, false]","","","","","0","",,,
"229",":CreatedBy","","","","","","","","","","","[2, 2, 2, 0]","","","600057","","","[false, false, false]","","","","","1","",,,
"230",":CreatedBy","","","","","","","","","","","[0, 1, 0, 0]","","","600009","","","[false, false, false]","","","","","1","",,,
"231",":CreatedBy","","","","","","","","","","","[2, 2, 2, 0]","","","600057","","","[false, false, false]","","","","","2","",,,
"232",":CreatedBy","","","","","","","","","","","[2, 2, 2, 0]","","","600057","","","[false, false, false]","","","","","3","",,,
"233",":CreatedBy","","","","","","","","","","","[3, 2, 2, 0]","","","600058","","","[false, false, false]","","","","","0","",,,
"234",":CreatedBy","","","","","","","","","","","[3, 2, 2, 0]","","","600058","","","[false, false, false]","","","","","1","",,,
"235",":CreatedBy","","","","","","","","","","","[0, 1, 0, 0]","","","600009","","","[false, false, false]","","","","","2","",,,
"236",":CreatedBy","","","","","","","","","","","[3, 2, 2, 0]","","","600058","","","[false, false, false]","","","","","2","",,,
"237",":CreatedBy","","","","","","","","","","","[0, 1, 0, 0]","","","600009","","","[false, false, false]","","","","","3","",,,
"238",":CreatedBy","","","","","","","","","","","[3, 2, 2, 0]","","","600058","","","[false, false, false]","","","","","3","",,,
"239",":CreatedBy","","","","","","","","","","","[0, 3, 2, 0]","","","600055","","","[false, false, false]","","","","","0","",,,
"240",":CreatedBy","","","","","","","","","","","[0, 3, 2, 0]","","","600055","","","[false, false, false]","","","","","1","",,,
"241",":CreatedBy","","","","","","","","","","","[0, 3, 2, 0]","","","600055","","","[false, false, false]","","","","","2","",,,
"242",":CreatedBy","","","","","","","","","","","[0, 3, 2, 0]","","","600055","","","[false, false, false]","","","","","3","",,,
"243",":CreatedBy","","","","","","","","","","","[0, 3, 2, 0]","","","600059","","","[false, false, false]","","","","","0","",,,
"244",":CreatedBy","","","","","","","","","","","[0, 3, 2, 0]","","","600059","","","[false, false, false]","","","","","1","",,,
"245",":CreatedBy","","","","","","","","","","","[1, 1, 0, 0]","","","600011","","","[false, false, false]","","","","","0","",,,
"246",":CreatedBy","","","","","","","","","","","[0, 3, 2, 0]","","","600059","","","[false, false, false]","","","","","2","",,,
"247",":CreatedBy","","","","","","","","","","","[0, 3, 2, 0]","","","600059","","","[false, false, false]","","","","","3","",,,
"248",":CreatedBy","","","","","","","","","","","[1, 3, 2, 0]","","","600061","","","[false, false, false]","","","","","0","",,,
"249",":CreatedBy","","","","","","","","","","","[1, 3, 2, 0]","","","600061","","","[false, false, false]","","","","","1","",,,
"250",":CreatedBy","","","","","","","","","","","[1, 1, 0, 0]","","","600011","","","[false, false, false]","","","","","1","",,,
"251",":CreatedBy","","","","","","","","","","","[1, 3, 2, 0]","","","600061","","","[false, false, false]","","","","","2","",,,
"252",":CreatedBy","","","","","","","","","","","[1, 3, 2, 0]","","","600061","","","[false, false, false]","","","","","3","",,,
"253",":CreatedBy","","","","","","","","","","","[2, 3, 2, 0]","","","600062","","","[false, false, false]","","","","","0","",,,
"254",":CreatedBy","","","","","","","","","","","[2, 3, 2, 0]","","","600062","","","[false, false, false]","","","","","1","",,,
"255",":CreatedBy","","","","","","","","","","","[2, 3, 2, 0]","","","600062","","","[false, false, false]","","","","","2","",,,
"256",":CreatedBy","","","","","","","","","","","[2, 3, 2, 0]","","","600062","","","[false, false, false]","","","","","3","",,,
"257",":CreatedBy","","","","","","","","","","","[3, 3, 2, 0]","","","600063","","","[false, false, false]","","","","","0","",,,
"258",":CreatedBy","","","","","","","","","","","[3, 3, 2, 0]","","","600063","","","[false, false, false]","","","","","1","",,,
"259",":CreatedBy","","","","","","","","","","","[3, 3, 2, 0]","","","600063","","","[false, false, false]","","","","","2","",,,
"260",":CreatedBy","","","","","","","","","","","[3, 3, 2, 0]","","","600063","","","[false, false, false]","","","","","3","",,,
"261",":CreatedBy","","","","","","","","","","","[0, 0, 2, 0]","","","600045","","","[false, false, false]","","","","","0","",,,
"262",":CreatedBy","","","","","","","","","","","[0, 0, 2, 0]","","","600045","","","[false, false, false]","","","","","1","",,,
"263",":CreatedBy","","","","","","","","","","","[0, 0, 2, 0]","","","600045","","","[false, false, false]","","","","","2","",,,
"264",":CreatedBy","","","","","","","","","","","[0, 0, 2, 0]","","","600045","","","[false, false, false]","","","","","3","",,,
"265",":DDetermined","11","1","","","","","[1, 10]","2","10","0","","1","[0.35596511830311056,0.6440348816968889]","","","","","1","3","0","[0.0, 1.0, -12.0, 11.0, -0.0]","3","0",,,
"266",":CreatedBy","","","","","","","","","","","[0, 0, 3, 0]","","","600064","","","[false, false, false]","","","","","0","",,,
"267",":DDetermined","7","1","","","","","[7]","1","7","0","","1","[0.38077095208449435,0.6192290479155051]","","","","","0","2","1","[0.0, 3.0, -21.0, 0.0]","2","0",,,
"268",":CreatedBy","","","","","","","","","","","[0, 0, 3, 0]","","","600064","","","[false, false, false]","","","","","1","",,,
"269",":DDetermined","3","1","","","","","[3]","1","3","1","","1","[0.47742388130827007,0.5225761186917295]","","","","","0","1","0","[0.0, 6.0, -18.0]","1","0",,,
"270",":CreatedBy","","","","","","","","","","","[0, 0, 3, 0]","","","600064","","","[false, false, false]","","","","","2","",,,
"271",":CreatedBy","","","","","","","","","","","[0, 0, 3, 0]","","","600064","","","[false, false, false]","","","","","3","",,,
"272",":CreatedBy","","","","","","","","","","","[1, 0, 3, 0]","","","600066","","","[false, false, false]","","","","","0","",,,
"273",":CreatedBy","","","","","","","","","","","[1, 0, 3, 0]","","","600066","","","[false, false, false]","","","","","1","",,,
"274",":CreatedBy","","","","","","","","","","","[1, 0, 3, 0]","","","600066","","","[false, false, false]","","","","","2","",,,
"275",":CreatedBy","","","","","","","","","","","[1, 0, 3, 0]","","","600066","","","[false, false, false]","","","","","3","",,,
"276",":DUndetermined","2","0","","","","","[2]","1","2","1","","0","[0.5112520423657562,0.4887479576342433]","","","","","0","1","0","[0.0, 1.0000000000000009, -12.0, 11.0, 18.0]","3","0",,,
"277",":CreatedBy","","","","","","","","","","","[2, 0, 3, 0]","","","600067","","","[false, false, false]","","","","","0","",,,
"278",":CreatedBy","","","","","","","","","","","[2, 0, 3, 0]","","","600067","","","[false, false, false]","","","","","1","",,,
"279",":CreatedBy","","","","","","","","","","","[2, 0, 3, 0]","","","600067","","","[false, false, false]","","","","","2","",,,
"280",":CreatedBy","","","","","","","","","","","[2, 0, 3, 0]","","","600067","","","[false, false, false]","","","","","3","",,,
"281",":DUndetermined","3","0","","","","","[3]","1","3","1","","0","[0.5112520423657562,0.4887479576342433]","","","","","0","1","0","[0.0, 1.0000000000000018, -12.0, 11.0, 48.0]","3","0",,,
"282",":CreatedBy","","","","","","","","","","","[3, 0, 3, 0]","","","600068","","","[false, false, false]","","","","","0","",,,
"283",":CreatedBy","","","","","","","","","","","[1, 1, 0, 0]","","","600011","","","[false, false, false]","","","","","2","",,,
"284",":CreatedBy","","","","","","","","","","","[3, 0, 3, 0]","","","600068","","","[false, false, false]","","","","","1","",,,
"285",":CreatedBy","","","","","","","","","","","[1, 1, 0, 0]","","","600011","","","[false, false, false]","","","","","3","",,,
"286",":CreatedBy","","","","","","","","","","","[3, 0, 3, 0]","","","600068","","","[false, false, false]","","","","","2","",,,
"287",":CreatedBy","","","","","","","","","","","[2, 1, 0, 0]","","","600012","","","[false, false, false]","","","","","0","",,,
"288",":CreatedBy","","","","","","","","","","","[3, 0, 3, 0]","","","600068","","","[false, false, false]","","","","","3","",,,
"289",":DUndetermined","0","0","","","","","[]","1","0","1","","0","[0.5112520423657562,0.4887479576342433]","","","","","0","1","0","[0.0, 1.0, -12.0, 29.0, -0.0]","3","0",,,
"290",":CreatedBy","","","","","","","","","","","[0, 1, 3, 0]","","","600060","","","[false, false, false]","","","","","0","",,,
"291",":DDetermined","6","1","","","","","[1, 5]","2","5","0","","1","[0.38077095208449435,0.6192290479155051]","","","","","0","2","1","[0.0, 3.0, -21.0, 18.0]","2","0",,,
"292",":CreatedBy","","","","","","","","","","","[0, 1, 3, 0]","","","600060","","","[false, false, false]","","","","","1","",,,
"293",":CreatedBy","","","","","","","","","","","[0, 1, 3, 0]","","","600060","","","[false, false, false]","","","","","2","",,,
"294",":CreatedBy","","","","","","","","","","","[2, 1, 0, 0]","","","600012","","","[false, false, false]","","","","","1","",,,
"295",":CreatedBy","","","","","","","","","","","[0, 1, 3, 0]","","","600060","","","[false, false, false]","","","","","3","",,,
"296",":CreatedBy","","","","","","","","","","","[0, 1, 3, 0]","","","600069","","","[false, false, false]","","","","","0","",,,
"297",":CreatedBy","","","","","","","","","","","[0, 1, 3, 0]","","","600069","","","[false, false, false]","","","","","1","",,,
"298",":CreatedBy","","","","","","","","","","","[0, 1, 3, 0]","","","600069","","","[false, false, false]","","","","","2","",,,
"299",":CreatedBy","","","","","","","","","","","[2, 1, 0, 0]","","","600012","","","[false, false, false]","","","","","2","",,,
"300",":CreatedBy","","","","","","","","","","","[0, 1, 3, 0]","","","600069","","","[false, false, false]","","","","","3","",,,
"301",":DDetermined","9","1","","","","","[1, 1, 7]","3","7","0","","1","[0.35596511830311056,0.6440348816968889]","","","","","1","3","0","[0.0, 0.9999999999999991, -12.0, 29.0, -18.0]","3","0",,,
"302",":CreatedBy","","","","","","","","","","","[1, 1, 3, 0]","","","600071","","","[false, false, false]","","","","","0","",,,
"303",":CreatedBy","","","","","","","","","","","[1, 1, 3, 0]","","","600071","","","[false, false, false]","","","","","1","",,,
"304",":CreatedBy","","","","","","","","","","","[2, 1, 0, 0]","","","600012","","","[false, false, false]","","","","","3","",,,
"305",":CreatedBy","","","","","","","","","","","[1, 1, 3, 0]","","","600071","","","[false, false, false]","","","","","2","",,,
"306",":CreatedBy","","","","","","","","","","","[3, 1, 0, 0]","","","600013","","","[false, false, false]","","","","","0","",,,
"307",":CreatedBy","","","","","","","","","","","[1, 1, 3, 0]","","","600071","","","[false, false, false]","","","","","3","",,,
"308",":CreatedBy","","","","","","","","","","","[2, 1, 3, 0]","","","600072","","","[false, false, false]","","","","","0","",,,
"309",":CreatedBy","","","","","","","","","","","[2, 1, 3, 0]","","","600072","","","[false, false, false]","","","","","1","",,,
"310",":CreatedBy","","","","","","","","","","","[2, 1, 3, 0]","","","600072","","","[false, false, false]","","","","","2","",,,
"311",":CreatedBy","","","","","","","","","","","[2, 1, 3, 0]","","","600072","","","[false, false, false]","","","","","3","",,,
"312",":DUndetermined","3","0","","","","","[3]","1","3","1","","0","[0.5112520423657562,0.4887479576342433]","","","","","0","1","0","[0.0, 0.9999999999999998, -12.0, 29.0, -6.0]","3","0",,,
"313",":CreatedBy","","","","","","","","","","","[3, 1, 3, 0]","","","600073","","","[false, false, false]","","","","","0","",,,
"314",":CreatedBy","","","","","","","","","","","[3, 1, 0, 0]","","","600013","","","[false, false, false]","","","","","1","",,,
"315",":CreatedBy","","","","","","","","","","","[3, 1, 3, 0]","","","600073","","","[false, false, false]","","","","","1","",,,
"316",":CreatedBy","","","","","","","","","","","[3, 1, 3, 0]","","","600073","","","[false, false, false]","","","","","2","",,,
"317",":CreatedBy","","","","","","","","","","","[3, 1, 3, 0]","","","600073","","","[false, false, false]","","","","","3","",,,
"318",":DUndetermined","0","0","","","","","[]","1","0","1","","0","[0.5112520423657562,0.4887479576342433]","","","","","0","1","0","[0.0, 1.0, -12.0, 41.0, -0.0]","3","0",,,
"319",":CreatedBy","","","","","","","","","","","[0, 2, 3, 0]","","","600070","","","[false, false, false]","","","","","0","",,,
"320",":DDetermined","6","1","","","","","[2, 4]","2","4","0","","1","[0.38077095208449435,0.6192290479155051]","","","","","0","2","1","[0.0, 3.0, -21.0, 30.0]","2","0",,,
"321",":CreatedBy","","","","","","","","","","","[0, 2, 3, 0]","","","600070","","","[false, false, false]","","","","","1","",,,
"322",":CreatedBy","","","","","","","","","","","[0, 2, 3, 0]","","","600070","","","[false, false, false]","","","","","2","",,,
"323",":CreatedBy","","","","","","","","","","","[3, 1, 0, 0]","","","600013","","","[false, false, false]","","","","","2","",,,
"324",":CreatedBy","","","","","","","","","","","[0, 2, 3, 0]","","","600070","","","[false, false, false]","","","","","3","",,,
"325",":CreatedBy","","","","","","","","","","","[0, 2, 3, 0]","","","600074","","","[false, false, false]","","","","","0","",,,
"326",":CreatedBy","","","","","","","","","","","[0, 2, 3, 0]","","","600074","","","[false, false, false]","","","","","1","",,,
"327",":CreatedBy","","","","","","","","","","","[0, 2, 3, 0]","","","600074","","","[false, false, false]","","","","","2","",,,
"328",":CreatedBy","","","","","","","","","","","[3, 1, 0, 0]","","","600013","","","[false, false, false]","","","","","3","",,,
"329",":CreatedBy","","","","","","","","","","","[0, 2, 3, 0]","","","600074","","","[false, false, false]","","","","","3","",,,
"330",":DDetermined","4","1","","","","","[4]","1","4","0","","1","[0.35596511830311056,0.6440348816968889]","","","","","1","3","0","[0.0, 1.0, -3.0, -4.0, -0.0]","3","0",,,
"331",":DDetermined","9","1","","","","","[1, 4, 4]","3","4","0","","1","[0.35596511830311056,0.6440348816968889]","","","","","1","3","0","[0.0, 0.9999999999999991, -12.0, 41.0, -30.0]","3","0",,,
"332",":CreatedBy","","","","","","","","","","","[1, 2, 3, 0]","","","600076","","","[false, false, false]","","","","","0","",,,
"333",":CreatedBy","","","","","","","","","","","[1, 2, 3, 0]","","","600076","","","[false, false, false]","","","","","1","",,,
"334",":CreatedBy","","","","","","","","","","","[1, 2, 3, 0]","","","600076","","","[false, false, false]","","","","","2","",,,
"335",":CreatedBy","","","","","","","","","","","[1, 2, 3, 0]","","","600076","","","[false, false, false]","","","","","3","",,,
"336",":DDetermined","9","1","","","","","[2, 2, 5]","3","5","0","","1","[0.35596511830311056,0.6440348816968889]","","","","","1","3","0","[0.0, 0.9999999999999982, -12.0, 41.0, -42.0]","3","0",,,
"337",":CreatedBy","","","","","","","","","","","[2, 2, 3, 0]","","","600077","","","[false, false, false]","","","","","0","",,,
"338",":CreatedBy","","","","","","","","","","","[0, 2, 0, 0]","","","600010","","","[false, false, false]","","","","","0","",,,
"339",":CreatedBy","","","","","","","","","","","[2, 2, 3, 0]","","","600077","","","[false, false, false]","","","","","1","",,,
"340",":CreatedBy","","","","","","","","","","","[2, 2, 3, 0]","","","600077","","","[false, false, false]","","","","","2","",,,
"341",":CreatedBy","","","","","","","","","","","[2, 2, 3, 0]","","","600077","","","[false, false, false]","","","","","3","",,,
"342",":CreatedBy","","","","","","","","","","","[3, 2, 3, 0]","","","600078","","","[false, false, false]","","","","","0","",,,
"343",":DDetermined","2","1","","","","","[2]","1","2","0","","1","[0.38077095208449435,0.6192290479155051]","","","","","0","2","1","[0.0, 3.0, -3.0, -6.0]","2","0",,,
"344",":CreatedBy","","","","","","","","","","","[3, 2, 3, 0]","","","600078","","","[false, false, false]","","","","","1","",,,
"345",":CreatedBy","","","","","","","","","","","[3, 2, 3, 0]","","","600078","","","[false, false, false]","","","","","2","",,,
"346",":CreatedBy","","","","","","","","","","","[3, 2, 3, 0]","","","600078","","","[false, false, false]","","","","","3","",,,
"347",":DUndetermined","0","0","","","","","[]","1","0","1","","0","[0.5112520423657562,0.4887479576342433]","","","","","0","1","0","[0.0, 1.0, -12.0, 47.0, -0.0]","3","0",,,
"348",":CreatedBy","","","","","","","","","","","[0, 3, 3, 0]","","","600075","","","[false, false, false]","","","","","0","",,,
"349",":DDetermined","6","1","","","","","[3, 3]","2","3","0","","1","[0.38077095208449435,0.6192290479155051]","","","","","0","2","1","[0.0, 3.0, -21.0, 36.0]","2","0",,,
"350",":CreatedBy","","","","","","","","","","","[0, 3, 3, 0]","","","600075","","","[false, false, false]","","","","","1","",,,
"351",":CreatedBy","","","","","","","","","","","[0, 3, 3, 0]","","","600075","","","[false, false, false]","","","","","2","",,,
"352",":CreatedBy","","","","","","","","","","","[0, 2, 0, 0]","","","600010","","","[false, false, false]","","","","","1","",,,
"353",":CreatedBy","","","","","","","","","","","[0, 3, 3, 0]","","","600075","","","[false, false, false]","","","","","3","",,,
"354",":CreatedBy","","","","","","","","","","","[0, 2, 0, 0]","","","600010","","","[false, false, false]","","","","","2","",,,
"355",":CreatedBy","","","","","","","","","","","[0, 3, 3, 0]","","","600079","","","[false, false, false]","","","","","0","",,,
"356",":CreatedBy","","","","","","","","","","","[0, 3, 3, 0]","","","600079","","","[false, false, false]","","","","","1","",,,
"357",":CreatedBy","","","","","","","","","","","[0, 3, 3, 0]","","","600079","","","[false, false, false]","","","","","2","",,,
"358",":CreatedBy","","","","","","","","","","","[0, 3, 3, 0]","","","600079","","","[false, false, false]","","","","","3","",,,
"359",":DUndetermined","1","0","","","","","[1]","1","1","1","","0","[0.5112520423657562,0.4887479576342433]","","","","","0","1","0","[0.0, 0.9999999999999982, -12.0, 47.0, -36.0]","3","0",,,
"360",":CreatedBy","","","","","","","","","","","[1, 3, 3, 0]","","","600081","","","[false, false, false]","","","","","0","",,,
"361",":CreatedBy","","","","","","","","","","","[1, 3, 3, 0]","","","600081","","","[false, false, false]","","","","","1","",,,
"362",":CreatedBy","","","","","","","","","","","[0, 2, 0, 0]","","","600010","","","[false, false, false]","","","","","3","",,,
"363",":CreatedBy","","","","","","","","","","","[1, 3, 3, 0]","","","600081","","","[false, false, false]","","","","","2","",,,
"364",":CreatedBy","","","","","","","","","","","[1, 3, 3, 0]","","","600081","","","[false, false, false]","","","","","3","",,,
"365",":DUndetermined","2","0","","","","","[2]","1","2","1","","0","[0.5112520423657562,0.4887479576342433]","","","","","0","1","0","[0.0, 0.9999999999999982, -12.0, 47.0, -54.0]","3","0",,,
"366",":CreatedBy","","","","","","","","","","","[2, 3, 3, 0]","","","600082","","","[false, false, false]","","","","","0","",,,
"367",":CreatedBy","","","","","","","","","","","[0, 2, 0, 0]","","","600014","","","[false, false, false]","","","","","0","",,,
"368",":CreatedBy","","","","","","","","","","","[2, 3, 3, 0]","","","600082","","","[false, false, false]","","","","","1","",,,
"369",":CreatedBy","","","","","","","","","","","[2, 3, 3, 0]","","","600082","","","[false, false, false]","","","","","2","",,,
"370",":CreatedBy","","","","","","","","","","","[2, 3, 3, 0]","","","600082","","","[false, false, false]","","","","","3","",,,
"371",":DDetermined","9","1","","","","","[3, 3, 3]","3","3","0","","1","[0.35596511830311056,0.6440348816968889]","","","","","1","3","0","[0.0, 0.9999999999999982, -12.0, 47.0, -60.0]","3","0",,,
"372",":CreatedBy","","","","","","","","","","","[0, 2, 0, 0]","","","600014","","","[false, false, false]","","","","","1","",,,
"373",":CreatedBy","","","","","","","","","","","[3, 3, 3, 0]","","","600083","","","[false, false, false]","","","","","0","",,,
"374",":CreatedBy","","","","","","","","","","","[3, 3, 3, 0]","","","600083","","","[false, false, false]","","","","","1","",,,
"375",":CreatedBy","","","","","","","","","","","[3, 3, 3, 0]","","","600083","","","[false, false, false]","","","","","2","",,,
"376",":CreatedBy","","","","","","","","","","","[3, 3, 3, 0]","","","600083","","","[false, false, false]","","","","","3","",,,
,,,,,,,,,,,,,,,,,,,,,,,,,"61","86","CreatedBye"
,,,,,,,,,,,,,,,,,,,,,,,,,"3","5","CreatedBye"
,,,,,,,,,,,,,,,,,,,,,,,,,"7","11","CreatedBye"
,,,,,,,,,,,,,,,,,,,,,,,,,"13","1","CreatedBye"
,,,,,,,,,,,,,,,,,,,,,,,,,"7","3","zMap"
,,,,,,,,,,,,,,,,,,,,,,,,,"9","24","CreatedBye"
,,,,,,,,,,,,,,,,,,,,,,,,,"13","7","zMap"
,,,,,,,,,,,,,,,,,,,,,,,,,"61","84","zMap"
,,,,,,,,,,,,,,,,,,,,,,,,,"73","43","CreatedBye"
,,,,,,,,,,,,,,,,,,,,,,,,,"9","44","CreatedBye"
,,,,,,,,,,,,,,,,,,,,,,,,,"58","56","zMap"
,,,,,,,,,,,,,,,,,,,,,,,,,"45","46","CreatedBye"
,,,,,,,,,,,,,,,,,,,,,,,,,"9","13","zMap"
,,,,,,,,,,,,,,,,,,,,,,,,,"49","51","CreatedBye"
,,,,,,,,,,,,,,,,,,,,,,,,,"9","87","CreatedBye"
,,,,,,,,,,,,,,,,,,,,,,,,,"27","47","CreatedBye"
,,,,,,,,,,,,,,,,,,,,,,,,,"61","62","CreatedBye"
,,,,,,,,,,,,,,,,,,,,,,,,,"59","64","CreatedBye"
,,,,,,,,,,,,,,,,,,,,,,,,,"81","89","CreatedBye"
,,,,,,,,,,,,,,,,,,,,,,,,,"27","45","zMap"
,,,,,,,,,,,,,,,,,,,,,,,,,"61","58","zMap"
,,,,,,,,,,,,,,,,,,,,,,,,,"59","49","zMap"
,,,,,,,,,,,,,,,,,,,,,,,,,"84","90","CreatedBye"
,,,,,,,,,,,,,,,,,,,,,,,,,"73","48","CreatedBye"
,,,,,,,,,,,,,,,,,,,,,,,,,"9","50","CreatedBye"
,,,,,,,,,,,,,,,,,,,,,,,,,"9","63","CreatedBye"
,,,,,,,,,,,,,,,,,,,,,,,,,"73","75","CreatedBye"
,,,,,,,,,,,,,,,,,,,,,,,,,"61","91","CreatedBye"
,,,,,,,,,,,,,,,,,,,,,,,,,"49","52","CreatedBye"
,,,,,,,,,,,,,,,,,,,,,,,,,"9","61","zMap"
,,,,,,,,,,,,,,,,,,,,,,,,,"73","59","zMap"
,,,,,,,,,,,,,,,,,,,,,,,,,"9","92","CreatedBye"
,,,,,,,,,,,,,,,,,,,,,,,,,"59","53","CreatedBye"
,,,,,,,,,,,,,,,,,,,,,,,,,"56","65","CreatedBye"
,,,,,,,,,,,,,,,,,,,,,,,,,"9","83","CreatedBye"
,,,,,,,,,,,,,,,,,,,,,,,,,"94","95","CreatedBye"
,,,,,,,,,,,,,,,,,,,,,,,,,"73","54","CreatedBye"
,,,,,,,,,,,,,,,,,,,,,,,,,"58","66","CreatedBye"
,,,,,,,,,,,,,,,,,,,,,,,,,"9","73","zMap"
,,,,,,,,,,,,,,,,,,,,,,,,,"84","96","CreatedBye"
,,,,,,,,,,,,,,,,,,,,,,,,,"9","55","CreatedBye"
,,,,,,,,,,,,,,,,,,,,,,,,,"61","67","CreatedBye"
,,,,,,,,,,,,,,,,,,,,,,,,,"49","88","CreatedBye"
,,,,,,,,,,,,,,,,,,,,,,,,,"84","94","zMap"
,,,,,,,,,,,,,,,,,,,,,,,,,"56","57","CreatedBye"
,,,,,,,,,,,,,,,,,,,,,,,,,"9","68","CreatedBye"
,,,,,,,,,,,,,,,,,,,,,,,,,"59","93","CreatedBye"
,,,,,,,,,,,,,,,,,,,,,,,,,"61","97","CreatedBye"
,,,,,,,,,,,,,,,,,,,,,,,,,"9","98","CreatedBye"
,,,,,,,,,,,,,,,,,,,,,,,,,"94","99","CreatedBye"
,,,,,,,,,,,,,,,,,,,,,,,,,"69","70","CreatedBye"
,,,,,,,,,,,,,,,,,,,,,,,,,"58","71","CreatedBye"
,,,,,,,,,,,,,,,,,,,,,,,,,"73","102","CreatedBye"
,,,,,,,,,,,,,,,,,,,,,,,,,"84","100","CreatedBye"
,,,,,,,,,,,,,,,,,,,,,,,,,"61","101","CreatedBye"
,,,,,,,,,,,,,,,,,,,,,,,,,"58","69","zMap"
,,,,,,,,,,,,,,,,,,,,,,,,,"9","104","CreatedBye"
,,,,,,,,,,,,,,,,,,,,,,,,,"9","103","CreatedBye"
,,,,,,,,,,,,,,,,,,,,,,,,,"94","105","CreatedBye"
,,,,,,,,,,,,,,,,,,,,,,,,,"84","107","CreatedBye"
,,,,,,,,,,,,,,,,,,,,,,,,,"61","72","CreatedBye"
,,,,,,,,,,,,,,,,,,,,,,,,,"49","106","CreatedBye"
,,,,,,,,,,,,,,,,,,,,,,,,,"61","108","CreatedBye"
,,,,,,,,,,,,,,,,,,,,,,,,,"9","109","CreatedBye"
,,,,,,,,,,,,,,,,,,,,,,,,,"81","110","CreatedBye"
,,,,,,,,,,,,,,,,,,,,,,,,,"9","74","CreatedBye"
,,,,,,,,,,,,,,,,,,,,,,,,,"59","113","CreatedBye"
,,,,,,,,,,,,,,,,,,,,,,,,,"84","111","CreatedBye"
,,,,,,,,,,,,,,,,,,,,,,,,,"61","112","CreatedBye"
,,,,,,,,,,,,,,,,,,,,,,,,,"76","77","CreatedBye"
,,,,,,,,,,,,,,,,,,,,,,,,,"73","118","CreatedBye"
,,,,,,,,,,,,,,,,,,,,,,,,,"9","114","CreatedBye"
,,,,,,,,,,,,,,,,,,,,,,,,,"81","115","CreatedBye"
,,,,,,,,,,,,,,,,,,,,,,,,,"84","116","CreatedBye"
,,,,,,,,,,,,,,,,,,,,,,,,,"58","78","CreatedBye"
,,,,,,,,,,,,,,,,,,,,,,,,,"58","76","zMap"
,,,,,,,,,,,,,,,,,,,,,,,,,"9","123","CreatedBye"
,,,,,,,,,,,,,,,,,,,,,,,,,"61","117","CreatedBye"
,,,,,,,,,,,,,,,,,,,,,,,,,"9","119","CreatedBye"
,,,,,,,,,,,,,,,,,,,,,,,,,"61","79","CreatedBye"
,,,,,,,,,,,,,,,,,,,,,,,,,"125","133","CreatedBye"
,,,,,,,,,,,,,,,,,,,,,,,,,"94","120","CreatedBye"
,,,,,,,,,,,,,,,,,,,,,,,,,"84","121","CreatedBye"
,,,,,,,,,,,,,,,,,,,,,,,,,"61","122","CreatedBye"
,,,,,,,,,,,,,,,,,,,,,,,,,"9","80","CreatedBye"
,,,,,,,,,,,,,,,,,,,,,,,,,"59","190","CreatedBye"
,,,,,,,,,,,,,,,,,,,,,,,,,"9","124","CreatedBye"
,,,,,,,,,,,,,,,,,,,,,,,,,"94","126","CreatedBye"
,,,,,,,,,,,,,,,,,,,,,,,,,"84","127","CreatedBye"
,,,,,,,,,,,,,,,,,,,,,,,,,"81","82","CreatedBye"
,,,,,,,,,,,,,,,,,,,,,,,,,"59","125","zMap"
,,,,,,,,,,,,,,,,,,,,,,,,,"61","128","CreatedBye"
,,,,,,,,,,,,,,,,,,,,,,,,,"9","129","CreatedBye"
,,,,,,,,,,,,,,,,,,,,,,,,,"94","130","CreatedBye"
,,,,,,,,,,,,,,,,,,,,,,,,,"84","85","CreatedBye"
,,,,,,,,,,,,,,,,,,,,,,,,,"73","192","CreatedBye"
,,,,,,,,,,,,,,,,,,,,,,,,,"84","131","CreatedBye"
,,,,,,,,,,,,,,,,,,,,,,,,,"58","60","CreatedBye"
,,,,,,,,,,,,,,,,,,,,,,,,,"84","81","zMap"
,,,,,,,,,,,,,,,,,,,,,,,,,"9","194","CreatedBye"
,,,,,,,,,,,,,,,,,,,,,,,,,"61","132","CreatedBye"
,,,,,,,,,,,,,,,,,,,,,,,,,"9","134","CreatedBye"
,,,,,,,,,,,,,,,,,,,,,,,,,"56","135","CreatedBye"
,,,,,,,,,,,,,,,,,,,,,,,,,"58","136","CreatedBye"
,,,,,,,,,,,,,,,,,,,,,,,,,"61","137","CreatedBye"
,,,,,,,,,,,,,,,,,,,,,,,,,"49","201","CreatedBye"
,,,,,,,,,,,,,,,,,,,,,,,,,"59","206","CreatedBye"
,,,,,,,,,,,,,,,,,,,,,,,,,"9","138","CreatedBye"
,,,,,,,,,,,,,,,,,,,,,,,,,"56","139","CreatedBye"
,,,,,,,,,,,,,,,,,,,,,,,,,"58","140","CreatedBye"
,,,,,,,,,,,,,,,,,,,,,,,,,"73","211","CreatedBye"
,,,,,,,,,,,,,,,,,,,,,,,,,"61","141","CreatedBye"
,,,,,,,,,,,,,,,,,,,,,,,,,"9","142","CreatedBye"
,,,,,,,,,,,,,,,,,,,,,,,,,"56","143","CreatedBye"
,,,,,,,,,,,,,,,,,,,,,,,,,"58","144","CreatedBye"
,,,,,,,,,,,,,,,,,,,,,,,,,"9","213","CreatedBye"
,,,,,,,,,,,,,,,,,,,,,,,,,"61","145","CreatedBye"
,,,,,,,,,,,,,,,,,,,,,,,,,"9","146","CreatedBye"
,,,,,,,,,,,,,,,,,,,,,,,,,"69","147","CreatedBye"
,,,,,,,,,,,,,,,,,,,,,,,,,"58","148","CreatedBye"
,,,,,,,,,,,,,,,,,,,,,,,,,"49","221","CreatedBye"
,,,,,,,,,,,,,,,,,,,,,,,,,"61","149","CreatedBye"
,,,,,,,,,,,,,,,,,,,,,,,,,"9","150","CreatedBye"
,,,,,,,,,,,,,,,,,,,,,,,,,"76","151","CreatedBye"
,,,,,,,,,,,,,,,,,,,,,,,,,"58","152","CreatedBye"
,,,,,,,,,,,,,,,,,,,,,,,,,"61","153","CreatedBye"
,,,,,,,,,,,,,,,,,,,,,,,,,"59","230","CreatedBye"
,,,,,,,,,,,,,,,,,,,,,,,,,"9","154","CreatedBye"
,,,,,,,,,,,,,,,,,,,,,,,,,"56","155","CreatedBye"
,,,,,,,,,,,,,,,,,,,,,,,,,"58","156","CreatedBye"
,,,,,,,,,,,,,,,,,,,,,,,,,"73","235","CreatedBye"
,,,,,,,,,,,,,,,,,,,,,,,,,"61","157","CreatedBye"
,,,,,,,,,,,,,,,,,,,,,,,,,"9","158","CreatedBye"
,,,,,,,,,,,,,,,,,,,,,,,,,"159","160","CreatedBye"
,,,,,,,,,,,,,,,,,,,,,,,,,"161","162","CreatedBye"
,,,,,,,,,,,,,,,,,,,,,,,,,"9","237","CreatedBye"
,,,,,,,,,,,,,,,,,,,,,,,,,"161","159","zMap"
,,,,,,,,,,,,,,,,,,,,,,,,,"163","164","CreatedBye"
,,,,,,,,,,,,,,,,,,,,,,,,,"163","161","zMap"
,,,,,,,,,,,,,,,,,,,,,,,,,"49","245","CreatedBye"
,,,,,,,,,,,,,,,,,,,,,,,,,"9","165","CreatedBye"
,,,,,,,,,,,,,,,,,,,,,,,,,"9","163","zMap"
,,,,,,,,,,,,,,,,,,,,,,,,,"159","166","CreatedBye"
,,,,,,,,,,,,,,,,,,,,,,,,,"59","250","CreatedBye"
,,,,,,,,,,,,,,,,,,,,,,,,,"161","167","CreatedBye"
,,,,,,,,,,,,,,,,,,,,,,,,,"163","168","CreatedBye"
,,,,,,,,,,,,,,,,,,,,,,,,,"9","169","CreatedBye"
,,,,,,,,,,,,,,,,,,,,,,,,,"73","283","CreatedBye"
,,,,,,,,,,,,,,,,,,,,,,,,,"170","171","CreatedBye"
,,,,,,,,,,,,,,,,,,,,,,,,,"161","172","CreatedBye"
,,,,,,,,,,,,,,,,,,,,,,,,,"161","170","zMap"
,,,,,,,,,,,,,,,,,,,,,,,,,"9","285","CreatedBye"
,,,,,,,,,,,,,,,,,,,,,,,,,"163","173","CreatedBye"
,,,,,,,,,,,,,,,,,,,,,,,,,"9","174","CreatedBye"
,,,,,,,,,,,,,,,,,,,,,,,,,"175","176","CreatedBye"
,,,,,,,,,,,,,,,,,,,,,,,,,"49","287","CreatedBye"
,,,,,,,,,,,,,,,,,,,,,,,,,"161","177","CreatedBye"
,,,,,,,,,,,,,,,,,,,,,,,,,"161","175","zMap"
,,,,,,,,,,,,,,,,,,,,,,,,,"163","178","CreatedBye"
,,,,,,,,,,,,,,,,,,,,,,,,,"59","294","CreatedBye"
,,,,,,,,,,,,,,,,,,,,,,,,,"9","179","CreatedBye"
,,,,,,,,,,,,,,,,,,,,,,,,,"180","181","CreatedBye"
,,,,,,,,,,,,,,,,,,,,,,,,,"182","183","CreatedBye"
,,,,,,,,,,,,,,,,,,,,,,,,,"73","299","CreatedBye"
,,,,,,,,,,,,,,,,,,,,,,,,,"182","180","zMap"
,,,,,,,,,,,,,,,,,,,,,,,,,"163","184","CreatedBye"
,,,,,,,,,,,,,,,,,,,,,,,,,"163","182","zMap"
,,,,,,,,,,,,,,,,,,,,,,,,,"9","304","CreatedBye"
,,,,,,,,,,,,,,,,,,,,,,,,,"9","185","CreatedBye"
,,,,,,,,,,,,,,,,,,,,,,,,,"180","186","CreatedBye"
,,,,,,,,,,,,,,,,,,,,,,,,,"182","187","CreatedBye"
,,,,,,,,,,,,,,,,,,,,,,,,,"125","306","CreatedBye"
,,,,,,,,,,,,,,,,,,,,,,,,,"163","188","CreatedBye"
,,,,,,,,,,,,,,,,,,,,,,,,,"9","189","CreatedBye"
,,,,,,,,,,,,,,,,,,,,,,,,,"191","193","CreatedBye"
,,,,,,,,,,,,,,,,,,,,,,,,,"59","314","CreatedBye"
,,,,,,,,,,,,,,,,,,,,,,,,,"182","195","CreatedBye"
,,,,,,,,,,,,,,,,,,,,,,,,,"182","191","zMap"
,,,,,,,,,,,,,,,,,,,,,,,,,"163","196","CreatedBye"
,,,,,,,,,,,,,,,,,,,,,,,,,"73","323","CreatedBye"
,,,,,,,,,,,,,,,,,,,,,,,,,"9","197","CreatedBye"
,,,,,,,,,,,,,,,,,,,,,,,,,"191","198","CreatedBye"
,,,,,,,,,,,,,,,,,,,,,,,,,"182","199","CreatedBye"
,,,,,,,,,,,,,,,,,,,,,,,,,"9","328","CreatedBye"
,,,,,,,,,,,,,,,,,,,,,,,,,"163","200","CreatedBye"
,,,,,,,,,,,,,,,,,,,,,,,,,"9","202","CreatedBye"
,,,,,,,,,,,,,,,,,,,,,,,,,"203","204","CreatedBye"
,,,,,,,,,,,,,,,,,,,,,,,,,"330","338","CreatedBye"
,,,,,,,,,,,,,,,,,,,,,,,,,"182","205","CreatedBye"
,,,,,,,,,,,,,,,,,,,,,,,,,"182","203","zMap"
,,,,,,,,,,,,,,,,,,,,,,,,,"163","207","CreatedBye"
,,,,,,,,,,,,,,,,,,,,,,,,,"9","208","CreatedBye"
,,,,,,,,,,,,,,,,,,,,,,,,,"209","210","CreatedBye"
,,,,,,,,,,,,,,,,,,,,,,,,,"343","352","CreatedBye"
,,,,,,,,,,,,,,,,,,,,,,,,,"343","330","zMap"
,,,,,,,,,,,,,,,,,,,,,,,,,"212","214","CreatedBye"
,,,,,,,,,,,,,,,,,,,,,,,,,"212","209","zMap"
,,,,,,,,,,,,,,,,,,,,,,,,,"163","215","CreatedBye"
,,,,,,,,,,,,,,,,,,,,,,,,,"73","354","CreatedBye"
,,,,,,,,,,,,,,,,,,,,,,,,,"163","212","zMap"
,,,,,,,,,,,,,,,,,,,,,,,,,"9","216","CreatedBye"
,,,,,,,,,,,,,,,,,,,,,,,,,"209","217","CreatedBye"
,,,,,,,,,,,,,,,,,,,,,,,,,"212","218","CreatedBye"
,,,,,,,,,,,,,,,,,,,,,,,,,"73","343","zMap"
,,,,,,,,,,,,,,,,,,,,,,,,,"163","219","CreatedBye"
,,,,,,,,,,,,,,,,,,,,,,,,,"9","220","CreatedBye"
,,,,,,,,,,,,,,,,,,,,,,,,,"222","223","CreatedBye"
,,,,,,,,,,,,,,,,,,,,,,,,,"212","224","CreatedBye"
,,,,,,,,,,,,,,,,,,,,,,,,,"9","362","CreatedBye"
,,,,,,,,,,,,,,,,,,,,,,,,,"212","222","zMap"
,,,,,,,,,,,,,,,,,,,,,,,,,"163","225","CreatedBye"
,,,,,,,,,,,,,,,,,,,,,,,,,"9","226","CreatedBye"
,,,,,,,,,,,,,,,,,,,,,,,,,"227","228","CreatedBye"
,,,,,,,,,,,,,,,,,,,,,,,,,"212","229","CreatedBye"
,,,,,,,,,,,,,,,,,,,,,,,,,"330","367","CreatedBye"
,,,,,,,,,,,,,,,,,,,,,,,,,"212","227","zMap"
,,,,,,,,,,,,,,,,,,,,,,,,,"163","231","CreatedBye"
,,,,,,,,,,,,,,,,,,,,,,,,,"9","232","CreatedBye"
,,,,,,,,,,,,,,,,,,,,,,,,,"343","372","CreatedBye"
,,,,,,,,,,,,,,,,,,,,,,,,,"227","233","CreatedBye"
,,,,,,,,,,,,,,,,,,,,,,,,,"212","234","CreatedBye"
,,,,,,,,,,,,,,,,,,,,,,,,,"163","236","CreatedBye"
,,,,,,,,,,,,,,,,,,,,,,,,,"9","238","CreatedBye"
,,,,,,,,,,,,,,,,,,,,,,,,,"73","2","CreatedBye"
,,,,,,,,,,,,,,,,,,,,,,,,,"209","239","CreatedBye"
,,,,,,,,,,,,,,,,,,,,,,,,,"212","240","CreatedBye"
,,,,,,,,,,,,,,,,,,,,,,,,,"163","241","CreatedBye"
,,,,,,,,,,,,,,,,,,,,,,,,,"9","4","CreatedBye"
,,,,,,,,,,,,,,,,,,,,,,,,,"9","242","CreatedBye"
,,,,,,,,,,,,,,,,,,,,,,,,,"209","243","CreatedBye"
,,,,,,,,,,,,,,,,,,,,,,,,,"212","244","CreatedBye"
,,,,,,,,,,,,,,,,,,,,,,,,,"163","246","CreatedBye"
,,,,,,,,,,,,,,,,,,,,,,,,,"6","8","CreatedBye"
,,,,,,,,,,,,,,,,,,,,,,,,,"9","247","CreatedBye"
,,,,,,,,,,,,,,,,,,,,,,,,,"222","248","CreatedBye"
,,,,,,,,,,,,,,,,,,,,,,,,,"212","249","CreatedBye"
,,,,,,,,,,,,,,,,,,,,,,,,,"163","251","CreatedBye"
,,,,,,,,,,,,,,,,,,,,,,,,,"9","252","CreatedBye"
,,,,,,,,,,,,,,,,,,,,,,,,,"343","10","CreatedBye"
,,,,,,,,,,,,,,,,,,,,,,,,,"227","253","CreatedBye"
,,,,,,,,,,,,,,,,,,,,,,,,,"212","254","CreatedBye"
,,,,,,,,,,,,,,,,,,,,,,,,,"163","255","CreatedBye"
,,,,,,,,,,,,,,,,,,,,,,,,,"343","6","zMap"
,,,,,,,,,,,,,,,,,,,,,,,,,"9","256","CreatedBye"
,,,,,,,,,,,,,,,,,,,,,,,,,"227","257","CreatedBye"
,,,,,,,,,,,,,,,,,,,,,,,,,"212","258","CreatedBye"
,,,,,,,,,,,,,,,,,,,,,,,,,"163","259","CreatedBye"
,,,,,,,,,,,,,,,,,,,,,,,,,"73","12","CreatedBye"
,,,,,,,,,,,,,,,,,,,,,,,,,"9","260","CreatedBye"
,,,,,,,,,,,,,,,,,,,,,,,,,"159","261","CreatedBye"
,,,,,,,,,,,,,,,,,,,,,,,,,"161","262","CreatedBye"
,,,,,,,,,,,,,,,,,,,,,,,,,"163","263","CreatedBye"
,,,,,,,,,,,,,,,,,,,,,,,,,"9","14","CreatedBye"
,,,,,,,,,,,,,,,,,,,,,,,,,"9","264","CreatedBye"
,,,,,,,,,,,,,,,,,,,,,,,,,"265","266","CreatedBye"
,,,,,,,,,,,,,,,,,,,,,,,,,"267","268","CreatedBye"
,,,,,,,,,,,,,,,,,,,,,,,,,"15","16","CreatedBye"
,,,,,,,,,,,,,,,,,,,,,,,,,"267","265","zMap"
,,,,,,,,,,,,,,,,,,,,,,,,,"269","270","CreatedBye"
,,,,,,,,,,,,,,,,,,,,,,,,,"269","267","zMap"
,,,,,,,,,,,,,,,,,,,,,,,,,"343","17","CreatedBye"
,,,,,,,,,,,,,,,,,,,,,,,,,"9","271","CreatedBye"
,,,,,,,,,,,,,,,,,,,,,,,,,"9","269","zMap"
,,,,,,,,,,,,,,,,,,,,,,,,,"265","272","CreatedBye"
,,,,,,,,,,,,,,,,,,,,,,,,,"343","15","zMap"
,,,,,,,,,,,,,,,,,,,,,,,,,"267","273","CreatedBye"
,,,,,,,,,,,,,,,,,,,,,,,,,"269","274","CreatedBye"
,,,,,,,,,,,,,,,,,,,,,,,,,"9","275","CreatedBye"
,,,,,,,,,,,,,,,,,,,,,,,,,"73","18","CreatedBye"
,,,,,,,,,,,,,,,,,,,,,,,,,"276","277","CreatedBye"
,,,,,,,,,,,,,,,,,,,,,,,,,"267","278","CreatedBye"
,,,,,,,,,,,,,,,,,,,,,,,,,"267","276","zMap"
,,,,,,,,,,,,,,,,,,,,,,,,,"9","19","CreatedBye"
,,,,,,,,,,,,,,,,,,,,,,,,,"269","279","CreatedBye"
,,,,,,,,,,,,,,,,,,,,,,,,,"9","280","CreatedBye"
,,,,,,,,,,,,,,,,,,,,,,,,,"281","282","CreatedBye"
,,,,,,,,,,,,,,,,,,,,,,,,,"15","20","CreatedBye"
,,,,,,,,,,,,,,,,,,,,,,,,,"267","284","CreatedBye"
,,,,,,,,,,,,,,,,,,,,,,,,,"267","281","zMap"
,,,,,,,,,,,,,,,,,,,,,,,,,"269","286","CreatedBye"
,,,,,,,,,,,,,,,,,,,,,,,,,"343","21","CreatedBye"
,,,,,,,,,,,,,,,,,,,,,,,,,"9","288","CreatedBye"
,,,,,,,,,,,,,,,,,,,,,,,,,"289","290","CreatedBye"
,,,,,,,,,,,,,,,,,,,,,,,,,"291","292","CreatedBye"
,,,,,,,,,,,,,,,,,,,,,,,,,"291","289","zMap"
,,,,,,,,,,,,,,,,,,,,,,,,,"269","293","CreatedBye"
,,,,,,,,,,,,,,,,,,,,,,,,,"73","22","CreatedBye"
,,,,,,,,,,,,,,,,,,,,,,,,,"9","23","CreatedBye"
,,,,,,,,,,,,,,,,,,,,,,,,,"269","291","zMap"
,,,,,,,,,,,,,,,,,,,,,,,,,"9","295","CreatedBye"
,,,,,,,,,,,,,,,,,,,,,,,,,"289","296","CreatedBye"
,,,,,,,,,,,,,,,,,,,,,,,,,"25","26","CreatedBye"
,,,,,,,,,,,,,,,,,,,,,,,,,"291","297","CreatedBye"
,,,,,,,,,,,,,,,,,,,,,,,,,"269","298","CreatedBye"
,,,,,,,,,,,,,,,,,,,,,,,,,"9","300","CreatedBye"
,,,,,,,,,,,,,,,,,,,,,,,,,"301","302","CreatedBye"
,,,,,,,,,,,,,,,,,,,,,,,,,"27","28","CreatedBye"
,,,,,,,,,,,,,,,,,,,,,,,,,"291","303","CreatedBye"
,,,,,,,,,,,,,,,,,,,,,,,,,"291","301","zMap"
,,,,,,,,,,,,,,,,,,,,,,,,,"269","305","CreatedBye"
,,,,,,,,,,,,,,,,,,,,,,,,,"9","307","CreatedBye"
,,,,,,,,,,,,,,,,,,,,,,,,,"27","25","zMap"
,,,,,,,,,,,,,,,,,,,,,,,,,"301","308","CreatedBye"
,,,,,,,,,,,,,,,,,,,,,,,,,"291","309","CreatedBye"
,,,,,,,,,,,,,,,,,,,,,,,,,"269","310","CreatedBye"
,,,,,,,,,,,,,,,,,,,,,,,,,"9","311","CreatedBye"
,,,,,,,,,,,,,,,,,,,,,,,,,"312","313","CreatedBye"
,,,,,,,,,,,,,,,,,,,,,,,,,"73","29","CreatedBye"
,,,,,,,,,,,,,,,,,,,,,,,,,"291","315","CreatedBye"
,,,,,,,,,,,,,,,,,,,,,,,,,"291","312","zMap"
,,,,,,,,,,,,,,,,,,,,,,,,,"269","316","CreatedBye"
,,,,,,,,,,,,,,,,,,,,,,,,,"73","27","zMap"
,,,,,,,,,,,,,,,,,,,,,,,,,"9","317","CreatedBye"
,,,,,,,,,,,,,,,,,,,,,,,,,"318","319","CreatedBye"
,,,,,,,,,,,,,,,,,,,,,,,,,"320","321","CreatedBye"
,,,,,,,,,,,,,,,,,,,,,,,,,"320","318","zMap"
,,,,,,,,,,,,,,,,,,,,,,,,,"9","30","CreatedBye"
,,,,,,,,,,,,,,,,,,,,,,,,,"269","322","CreatedBye"
,,,,,,,,,,,,,,,,,,,,,,,,,"269","320","zMap"
,,,,,,,,,,,,,,,,,,,,,,,,,"9","324","CreatedBye"
,,,,,,,,,,,,,,,,,,,,,,,,,"25","31","CreatedBye"
,,,,,,,,,,,,,,,,,,,,,,,,,"318","325","CreatedBye"
,,,,,,,,,,,,,,,,,,,,,,,,,"320","326","CreatedBye"
,,,,,,,,,,,,,,,,,,,,,,,,,"269","327","CreatedBye"
,,,,,,,,,,,,,,,,,,,,,,,,,"9","329","CreatedBye"
,,,,,,,,,,,,,,,,,,,,,,,,,"27","32","CreatedBye"
,,,,,,,,,,,,,,,,,,,,,,,,,"331","332","CreatedBye"
,,,,,,,,,,,,,,,,,,,,,,,,,"320","333","CreatedBye"
,,,,,,,,,,,,,,,,,,,,,,,,,"320","331","zMap"
,,,,,,,,,,,,,,,,,,,,,,,,,"269","334","CreatedBye"
,,,,,,,,,,,,,,,,,,,,,,,,,"9","335","CreatedBye"
,,,,,,,,,,,,,,,,,,,,,,,,,"73","33","CreatedBye"
,,,,,,,,,,,,,,,,,,,,,,,,,"336","337","CreatedBye"
,,,,,,,,,,,,,,,,,,,,,,,,,"320","339","CreatedBye"
,,,,,,,,,,,,,,,,,,,,,,,,,"320","336","zMap"
,,,,,,,,,,,,,,,,,,,,,,,,,"9","34","CreatedBye"
,,,,,,,,,,,,,,,,,,,,,,,,,"269","340","CreatedBye"
,,,,,,,,,,,,,,,,,,,,,,,,,"9","341","CreatedBye"
,,,,,,,,,,,,,,,,,,,,,,,,,"336","342","CreatedBye"
,,,,,,,,,,,,,,,,,,,,,,,,,"320","344","CreatedBye"
,,,,,,,,,,,,,,,,,,,,,,,,,"35","36","CreatedBye"
,,,,,,,,,,,,,,,,,,,,,,,,,"269","345","CreatedBye"
,,,,,,,,,,,,,,,,,,,,,,,,,"9","346","CreatedBye"
,,,,,,,,,,,,,,,,,,,,,,,,,"347","348","CreatedBye"
,,,,,,,,,,,,,,,,,,,,,,,,,"349","350","CreatedBye"
,,,,,,,,,,,,,,,,,,,,,,,,,"27","37","CreatedBye"
,,,,,,,,,,,,,,,,,,,,,,,,,"349","347","zMap"
,,,,,,,,,,,,,,,,,,,,,,,,,"269","351","CreatedBye"
,,,,,,,,,,,,,,,,,,,,,,,,,"269","349","zMap"
,,,,,,,,,,,,,,,,,,,,,,,,,"27","35","zMap"
,,,,,,,,,,,,,,,,,,,,,,,,,"9","353","CreatedBye"
,,,,,,,,,,,,,,,,,,,,,,,,,"347","355","CreatedBye"
,,,,,,,,,,,,,,,,,,,,,,,,,"349","356","CreatedBye"
,,,,,,,,,,,,,,,,,,,,,,,,,"269","357","CreatedBye"
,,,,,,,,,,,,,,,,,,,,,,,,,"9","358","CreatedBye"
,,,,,,,,,,,,,,,,,,,,,,,,,"73","38","CreatedBye"
,,,,,,,,,,,,,,,,,,,,,,,,,"359","360","CreatedBye"
,,,,,,,,,,,,,,,,,,,,,,,,,"349","361","CreatedBye"
,,,,,,,,,,,,,,,,,,,,,,,,,"349","359","zMap"
,,,,,,,,,,,,,,,,,,,,,,,,,"9","39","CreatedBye"
,,,,,,,,,,,,,,,,,,,,,,,,,"269","363","CreatedBye"
,,,,,,,,,,,,,,,,,,,,,,,,,"9","364","CreatedBye"
,,,,,,,,,,,,,,,,,,,,,,,,,"365","366","CreatedBye"
,,,,,,,,,,,,,,,,,,,,,,,,,"349","368","CreatedBye"
,,,,,,,,,,,,,,,,,,,,,,,,,"40","41","CreatedBye"
,,,,,,,,,,,,,,,,,,,,,,,,,"349","365","zMap"
,,,,,,,,,,,,,,,,,,,,,,,,,"269","369","CreatedBye"
,,,,,,,,,,,,,,,,,,,,,,,,,"9","370","CreatedBye"
,,,,,,,,,,,,,,,,,,,,,,,,,"371","373","CreatedBye"
,,,,,,,,,,,,,,,,,,,,,,,,,"27","42","CreatedBye"
,,,,,,,,,,,,,,,,,,,,,,,,,"349","374","CreatedBye"
,,,,,,,,,,,,,,,,,,,,,,,,,"349","371","zMap"
,,,,,,,,,,,,,,,,,,,,,,,,,"269","375","CreatedBye"
,,,,,,,,,,,,,,,,,,,,,,,,,"9","376","CreatedBye"
,,,,,,,,,,,,,,,,,,,,,,,,,"27","40","zMap"
